timestamp,y,is_anomaly
2014-11-23 07:00:00,13.8940312022431,0
2014-11-23 08:00:00,33.5782735451433,0
2014-11-23 09:00:00,88.9337461757894,0
2014-11-23 10:00:00,125.38942370322,0
2014-11-23 11:00:00,152.961999637907,0
2014-11-23 12:00:00,168.365149920297,0
2014-11-23 13:00:00,211.863425087465,0
2014-11-23 14:00:00,255.4522889849,0
2014-11-23 15:00:00,295.065009855565,0
2014-11-23 16:00:00,357.805876894022,0
2014-11-23 17:00:00,375.746933725414,0
2014-11-23 18:00:00,394.292128882722,0
2014-11-23 19:00:00,425.906753642118,0
2014-11-23 20:00:00,470.487595142817,0
2014-11-23 21:00:00,505.187173709354,0
2014-11-23 22:00:00,538.400433773187,0
2014-11-23 23:00:00,579.767391262871,0
2014-11-24 00:00:00,600.841040576163,0
2014-11-24 01:00:00,648.673566525216,0
2014-11-24 02:00:00,663.043224144225,0
2014-11-24 03:00:00,706.487417402282,0
2014-11-24 04:00:00,744.904292007295,0
2014-11-24 05:00:00,773.496163785049,0
2014-11-24 06:00:00,811.607978175658,0
2014-11-24 07:00:00,832.300395797158,0
2014-11-24 08:00:00,868.047921645495,0
2014-11-24 09:00:00,903.423501074051,0
2014-11-24 10:00:00,912.223072526238,0
2014-11-24 11:00:00,933.388245908632,0
2014-11-24 12:00:00,975.060329814724,0
2014-11-24 13:00:00,998.294254354179,0
2014-11-24 14:00:00,1020.55055807623,0
2014-11-24 15:00:00,1046.66776921127,0
2014-11-24 16:00:00,1068.46084326948,0
2014-11-24 17:00:00,1107.01209884214,0
2014-11-24 18:00:00,1134.32713966396,0
2014-11-24 19:00:00,1154.41765049227,0
2014-11-24 20:00:00,1159.82112770278,0
2014-11-24 21:00:00,1198.38828274317,0
2014-11-24 22:00:00,1201.08032394748,0
2014-11-24 23:00:00,1242.0276300123,0
2014-11-25 00:00:00,1246.53476954602,0
2014-11-25 01:00:00,1252.18765221384,0
2014-11-25 02:00:00,1263.93151925739,0
2014-11-25 03:00:00,1275.27022916987,0
2014-11-25 04:00:00,1290.49172472529,0
2014-11-25 05:00:00,1298.20459670088,0
2014-11-25 06:00:00,1340.39404941134,0
2014-11-25 07:00:00,1348.15492522493,0
2014-11-25 08:00:00,1346.88839237935,0
2014-11-25 09:00:00,1361.75213764766,0
2014-11-25 10:00:00,1363.15888390575,0
2014-11-25 11:00:00,1401.67200620199,0
2014-11-25 12:00:00,1372.61374581794,0
2014-11-25 13:00:00,1386.33079195866,0
2014-11-25 14:00:00,1394.28052803181,0
2014-11-25 15:00:00,1401.94350317036,0
2014-11-25 16:00:00,1395.87460009415,0
2014-11-25 17:00:00,1374.95611254967,0
2014-11-25 18:00:00,1386.17858083632,0
2014-11-25 19:00:00,1403.69698339684,0
2014-11-25 20:00:00,1398.3156265221,0
2014-11-25 21:00:00,1385.79060907665,0
2014-11-25 22:00:00,1391.58037789833,0
2014-11-25 23:00:00,1379.62490583266,0
2014-11-26 00:00:00,1386.01097065796,0
2014-11-26 01:00:00,1361.45160295742,0
2014-11-26 02:00:00,1373.964136518,0
2014-11-26 03:00:00,1364.51697585146,0
2014-11-26 04:00:00,1353.38856113387,0
2014-11-26 05:00:00,1342.81379231148,0
2014-11-26 06:00:00,1334.42029789784,0
2014-11-26 07:00:00,1312.49855480712,0
2014-11-26 08:00:00,1305.44491002884,0
2014-11-26 09:00:00,1300.25845082989,0
2014-11-26 10:00:00,1290.34963010221,0
2014-11-26 11:00:00,1264.20565960508,0
2014-11-26 12:00:00,1244.82428480872,0
2014-11-26 13:00:00,1218.70405452273,0
2014-11-26 14:00:00,1194.67467347026,0
2014-11-26 15:00:00,1182.618398874,0
2014-11-26 16:00:00,1185.23996912628,0
2014-11-26 17:00:00,1159.17175562001,0
2014-11-26 18:00:00,1126.68575898717,0
2014-11-26 19:00:00,1102.05406863595,0
2014-11-26 20:00:00,1078.96483277299,0
2014-11-26 21:00:00,1070.6235020469,0
2014-11-26 22:00:00,1031.95937909643,0
2014-11-26 23:00:00,1023.41607720451,0
2014-11-27 00:00:00,990.608761139262,0
2014-11-27 01:00:00,970.990189937618,0
2014-11-27 02:00:00,919.620110048514,0
2014-11-27 03:00:00,901.191502326145,0
2014-11-27 04:00:00,862.648275540619,0
2014-11-27 05:00:00,849.520442604496,0
2014-11-27 06:00:00,814.308207794414,0
2014-11-27 07:00:00,779.344236650721,0
2014-11-27 08:00:00,767.369500129873,0
2014-11-27 09:00:00,722.248880693027,0
2014-11-27 10:00:00,698.560534296448,0
2014-11-27 11:00:00,663.58338319507,0
2014-11-27 12:00:00,613.361253861463,0
2014-11-27 13:00:00,581.614569238845,0
2014-11-27 14:00:00,554.972922436866,0
2014-11-27 15:00:00,507.705710360169,0
2014-11-27 16:00:00,491.796799151293,0
2014-11-27 17:00:00,436.33555945873,0
2014-11-27 18:00:00,432.957295476295,0
2014-11-27 19:00:00,373.930858691555,0
2014-11-27 20:00:00,361.993629829345,0
2014-11-27 21:00:00,302.846481665275,0
2014-11-27 22:00:00,260.324363670612,0
2014-11-27 23:00:00,234.743157950809,0
2014-11-28 00:00:00,198.045476871574,0
2014-11-28 01:00:00,142.401295675292,0
2014-11-28 02:00:00,135.501357881903,0
2014-11-28 03:00:00,74.5340957642145,0
2014-11-28 04:00:00,53.4199784168011,0
2014-11-28 05:00:00,18.0145253641322,0
2014-11-28 06:00:00,-23.074797262492,0
2014-11-28 07:00:00,-63.0477754040166,0
2014-11-28 08:00:00,-96.670576957364,0
2014-11-28 09:00:00,-147.634967393768,0
2014-11-28 10:00:00,-181.653037227603,0
2014-11-28 11:00:00,-221.885518267337,0
2014-11-28 12:00:00,-228.921619905856,0
2014-11-28 13:00:00,-266.321420731161,0
2014-11-28 14:00:00,-316.203675481981,0
2014-11-28 15:00:00,-368.725005198083,0
2014-11-28 16:00:00,-391.023912303397,0
2014-11-28 17:00:00,-409.898718123857,0
2014-11-28 18:00:00,-467.003200273543,0
2014-11-28 19:00:00,-487.911250050192,0
2014-11-28 20:00:00,-541.969965738577,0
2014-11-28 21:00:00,-557.865875577399,0
2014-11-28 22:00:00,-609.757574049286,0
2014-11-28 23:00:00,-646.164002159068,0
2014-11-29 00:00:00,-676.066906491694,0
2014-11-29 01:00:00,-707.565362443198,0
2014-11-29 02:00:00,-739.979800907303,0
2014-11-29 03:00:00,-753.258214739795,0
2014-11-29 04:00:00,-791.571779359397,0
2014-11-29 05:00:00,-826.241239706653,0
2014-11-29 06:00:00,-864.406118459472,0
2014-11-29 07:00:00,-892.803449311086,0
2014-11-29 08:00:00,-918.626048908011,0
2014-11-29 09:00:00,-950.407759207541,0
2014-11-29 10:00:00,-970.269920352392,0
2014-11-29 11:00:00,-986.719546366917,0
2014-11-29 12:00:00,-1030.76343784719,0
2014-11-29 13:00:00,-1026.75712474637,0
2014-11-29 14:00:00,-1081.77227922092,0
2014-11-29 15:00:00,-1092.07270774209,0
2014-11-29 16:00:00,-1087.8391959213,0
2014-11-29 17:00:00,-1126.21916803601,0
2014-11-29 18:00:00,-1160.09919751129,0
2014-11-29 19:00:00,-1187.34186704063,0
2014-11-29 20:00:00,-1191.07301772981,0
2014-11-29 21:00:00,-1216.43814015128,0
2014-11-29 22:00:00,-1238.38516450751,0
2014-11-29 23:00:00,-1247.85639487551,0
2014-11-30 00:00:00,-1272.93925990889,0
2014-11-30 01:00:00,-1253.63287850615,0
2014-11-30 02:00:00,-1278.80643888796,0
2014-11-30 03:00:00,-1302.21096274858,0
2014-11-30 04:00:00,-1315.51362064909,0
2014-11-30 05:00:00,-1340.97097668632,0
2014-11-30 06:00:00,-1335.95464690985,0
2014-11-30 07:00:00,-1359.283067246,0
2014-11-30 08:00:00,-1375.33195280707,0
2014-11-30 09:00:00,-1351.36148165752,0
2014-11-30 10:00:00,-1389.16109731531,0
2014-11-30 11:00:00,-1388.07245077753,0
2014-11-30 12:00:00,-1396.51841060593,0
2014-11-30 13:00:00,-1404.10978566444,0
2014-11-30 14:00:00,-1390.05876958211,0
2014-11-30 15:00:00,-1415.37827003682,0
2014-11-30 16:00:00,-1401.87167105012,0
2014-11-30 17:00:00,-1405.91930751559,0
2014-11-30 18:00:00,-1413.90573052799,0
2014-11-30 19:00:00,-1397.41441709483,0
2014-11-30 20:00:00,-1398.42088830105,0
2014-11-30 21:00:00,-1396.25463011276,0
2014-11-30 22:00:00,-1374.02713727479,0
2014-11-30 23:00:00,-1373.06596962952,0
2014-12-01 00:00:00,-1373.04849596206,0
2014-12-01 01:00:00,-1362.49587787312,0
2014-12-01 02:00:00,-1363.52980701309,0
2014-12-01 03:00:00,-1347.88074684772,0
2014-12-01 04:00:00,-1322.84004925553,0
2014-12-01 05:00:00,-1323.50514547414,0
2014-12-01 06:00:00,-1308.96529202831,0
2014-12-01 07:00:00,-1274.97263586061,0
2014-12-01 08:00:00,-1290.57119747083,0
2014-12-01 09:00:00,-1256.94305743993,0
2014-12-01 10:00:00,-1231.60410997321,0
2014-12-01 11:00:00,-1245.91081838441,0
2014-12-01 12:00:00,-1216.04648665004,0
2014-12-01 13:00:00,-1201.7075618402,0
2014-12-01 14:00:00,-1183.15166106553,0
2014-12-01 15:00:00,-1168.7590438207,0
2014-12-01 16:00:00,-1145.80228195834,0
2014-12-01 17:00:00,-1099.86768674993,0
2014-12-01 18:00:00,-1084.40044566086,0
2014-12-01 19:00:00,-1058.73336957194,0
2014-12-01 20:00:00,-1025.714503804,0
2014-12-01 21:00:00,-1021.71001819359,0
2014-12-01 22:00:00,-982.836015504966,0
2014-12-01 23:00:00,-965.913408127263,0
2014-12-02 00:00:00,-943.509353711964,0
2014-12-02 01:00:00,-899.893952441273,0
2014-12-02 02:00:00,-881.119133703274,0
2014-12-02 03:00:00,-864.076936120931,0
2014-12-02 04:00:00,-825.194082424894,0
2014-12-02 05:00:00,-775.7659613387,0
2014-12-02 06:00:00,-748.403454939193,0
2014-12-02 07:00:00,-745.878969432535,0
2014-12-02 08:00:00,-696.830940919975,0
2014-12-02 09:00:00,-656.09252164465,0
2014-12-02 10:00:00,-650.355906653865,0
2014-12-02 11:00:00,-583.618751160944,0
2014-12-02 12:00:00,-571.2748752717,0
2014-12-02 13:00:00,-528.054093499829,0
2014-12-02 14:00:00,-498.682430815958,0
2014-12-02 15:00:00,-444.290110775855,0
2014-12-02 16:00:00,-442.612400709976,0
2014-12-02 17:00:00,-392.424839062323,0
2014-12-02 18:00:00,-366.836331314914,0
2014-12-02 19:00:00,-314.465864551883,0
2014-12-02 20:00:00,-258.117533823431,0
2014-12-02 21:00:00,-262.801018319141,0
2014-12-02 22:00:00,-210.148738074635,0
2014-12-02 23:00:00,-174.270457054591,0
2014-12-03 00:00:00,-118.751542203331,0
2014-12-03 01:00:00,-109.472166453365,0
2014-12-03 02:00:00,-56.102285337417,0
2014-12-03 03:00:00,-5.74746434950461,0
2014-12-03 04:00:00,9.88622668960944,0
2014-12-03 05:00:00,42.1485969598799,0
2014-12-03 06:00:00,85.2654127788016,0
2014-12-03 07:00:00,129.616397062847,0
2014-12-03 08:00:00,149.929195952611,0
2014-12-03 09:00:00,215.703417601043,0
2014-12-03 10:00:00,234.726971221345,0
2014-12-03 11:00:00,239.269660315106,0
2014-12-03 12:00:00,295.412486673769,0
2014-12-03 13:00:00,360.765764194119,0
2014-12-03 14:00:00,368.906622922831,0
2014-12-03 15:00:00,414.177140880402,0
2014-12-03 16:00:00,451.112327759443,0
2014-12-03 17:00:00,468.111434333549,0
2014-12-03 18:00:00,525.766103089839,0
2014-12-03 19:00:00,559.326752339847,0
2014-12-03 20:00:00,609.235045459892,0
2014-12-03 21:00:00,633.520166753083,0
2014-12-03 22:00:00,656.120626204291,0
2014-12-03 23:00:00,686.931638463312,0
2014-12-04 00:00:00,726.640389835016,0
2014-12-04 01:00:00,741.838991156912,0
2014-12-04 02:00:00,783.857837767764,0
2014-12-04 03:00:00,817.126054258207,0
2014-12-04 04:00:00,849.272109813367,0
2014-12-04 05:00:00,860.119481428403,0
2014-12-04 06:00:00,917.447614415198,0
2014-12-04 07:00:00,937.214670954953,0
2014-12-04 08:00:00,984.544439239754,0
2014-12-04 09:00:00,962.976574398074,0
2014-12-04 10:00:00,1003.38652779328,0
2014-12-04 11:00:00,1016.41107855944,0
2014-12-04 12:00:00,1055.30640424637,0
2014-12-04 13:00:00,1087.26897169074,0
2014-12-04 14:00:00,1125.74212901893,0
2014-12-04 15:00:00,1124.51313699023,0
2014-12-04 16:00:00,1137.78663075355,0
2014-12-04 17:00:00,1168.35994012984,0
2014-12-04 18:00:00,1198.51712324802,0
2014-12-04 19:00:00,1212.79125773005,0
2014-12-04 20:00:00,1243.5444964446,0
2014-12-04 21:00:00,1243.13991972024,0
2014-12-04 22:00:00,1244.80515006953,0
2014-12-04 23:00:00,1289.01993719761,0
2014-12-05 00:00:00,1281.02615783769,0
2014-12-05 01:00:00,1313.86301797588,0
2014-12-05 02:00:00,1325.60978500823,0
2014-12-05 03:00:00,1335.98038249226,0
2014-12-05 04:00:00,1361.89573217908,0
2014-12-05 05:00:00,1350.73569377875,0
2014-12-05 06:00:00,1347.66425118838,0
2014-12-05 07:00:00,1370.97602837401,0
2014-12-05 08:00:00,1374.91803062427,0
2014-12-05 09:00:00,1390.67690139674,0
2014-12-05 10:00:00,1406.91888233239,0
2014-12-05 11:00:00,1373.31415476811,0
2014-12-05 12:00:00,1394.13937423506,0
2014-12-05 13:00:00,1399.56859231253,0
2014-12-05 14:00:00,1406.15825601689,0
2014-12-05 15:00:00,1392.77685431222,0
2014-12-05 16:00:00,1404.08188331435,0
2014-12-05 17:00:00,1402.33869299496,0
2014-12-05 18:00:00,1395.37950513223,0
2014-12-05 19:00:00,1390.53603542561,0
2014-12-05 20:00:00,1403.44754962748,0
2014-12-05 21:00:00,1389.15767461861,0
2014-12-05 22:00:00,1396.722724387,0
2014-12-05 23:00:00,1364.7312820191,0
2014-12-06 00:00:00,1345.52574744876,0
2014-12-06 01:00:00,1345.43053145596,0
2014-12-06 02:00:00,1340.4710937667,0
2014-12-06 03:00:00,1325.45027788473,0
2014-12-06 04:00:00,1311.27955177042,0
2014-12-06 05:00:00,1285.27035073863,0
2014-12-06 06:00:00,1279.74206444285,0
2014-12-06 07:00:00,1261.43805534494,0
2014-12-06 08:00:00,1260.97540472552,0
2014-12-06 09:00:00,1244.57810962189,0
2014-12-06 10:00:00,1240.04869383954,0
2014-12-06 11:00:00,1200.95341392117,0
2014-12-06 12:00:00,1195.62722561862,0
2014-12-06 13:00:00,1159.70503371638,0
2014-12-06 14:00:00,1127.27427312824,0
2014-12-06 15:00:00,1126.87322312157,0
2014-12-06 16:00:00,1093.74321495883,0
2014-12-06 17:00:00,1066.86822783324,0
2014-12-06 18:00:00,1043.55747294974,0
2014-12-06 19:00:00,1038.956349415,0
2014-12-06 20:00:00,1018.63633879083,0
2014-12-06 21:00:00,986.08296830345,0
2014-12-06 22:00:00,944.972787375155,0
2014-12-06 23:00:00,905.878844439076,0
2014-12-07 00:00:00,894.393173001886,0
2014-12-07 01:00:00,875.223889881812,0
2014-12-07 02:00:00,842.610867732612,0
2014-12-07 03:00:00,806.6956052033,0
2014-12-07 04:00:00,774.950957930058,0
2014-12-07 05:00:00,731.953334069888,0
2014-12-07 06:00:00,714.31945431699,0
2014-12-07 07:00:00,677.756214737417,0
2014-12-07 08:00:00,645.118114385893,0
2014-12-07 09:00:00,608.923029816341,0
2014-12-07 10:00:00,564.750269681752,0
2014-12-07 11:00:00,536.905449243283,0
2014-12-07 12:00:00,517.406899647551,0
2014-12-07 13:00:00,474.604590290953,0
2014-12-07 14:00:00,439.199872372445,0
2014-12-07 15:00:00,401.542588801647,0
2014-12-07 16:00:00,383.267817718733,0
2014-12-07 17:00:00,332.075011990664,0
2014-12-07 18:00:00,298.38965412388,0
2014-12-07 19:00:00,260.858759369057,0
2014-12-07 20:00:00,212.008282998477,0
2014-12-07 21:00:00,185.102719517648,0
2014-12-07 22:00:00,163.089408099715,0
2014-12-07 23:00:00,116.967468946428,0
2014-12-08 00:00:00,58.8721011546236,0
2014-12-08 01:00:00,38.5591317587494,0
2014-12-08 02:00:00,6.70497640811324,0
2014-12-08 03:00:00,-37.4405221714328,0
2014-12-08 04:00:00,-65.1424808601082,0
2014-12-08 05:00:00,-112.735188485662,0
2014-12-08 06:00:00,-159.405240398909,0
2014-12-08 07:00:00,-176.717633155051,0
2014-12-08 08:00:00,-218.622273503147,0
2014-12-08 09:00:00,-252.14483801523,0
2014-12-08 10:00:00,-283.104577903694,0
2014-12-08 11:00:00,-328.606846217964,0
2014-12-08 12:00:00,-384.694422968362,0
2014-12-08 13:00:00,-401.168376083298,0
2014-12-08 14:00:00,-455.958142098166,0
2014-12-08 15:00:00,-478.925598363073,0
2014-12-08 16:00:00,-497.397445901094,0
2014-12-08 17:00:00,-561.260525686238,0
2014-12-08 18:00:00,-575.226653847049,0
2014-12-08 19:00:00,-616.747705633924,0
2014-12-08 20:00:00,-646.591328099249,0
2014-12-08 21:00:00,-665.311961935023,0
2014-12-08 22:00:00,-703.329243561162,0
2014-12-08 23:00:00,-725.902357806726,0
2014-12-09 00:00:00,-783.87952659332,0
2014-12-09 01:00:00,-811.707727799787,0
2014-12-09 02:00:00,-840.611945761318,0
2014-12-09 03:00:00,-863.309856902271,0
2014-12-09 04:00:00,-901.872418741951,0
2014-12-09 05:00:00,-928.211613659037,0
2014-12-09 06:00:00,-957.605345644125,0
2014-12-09 07:00:00,-967.262299974757,0
2014-12-09 08:00:00,-994.210656417874,0
2014-12-09 09:00:00,-1015.79879493184,0
2014-12-09 10:00:00,-1021.51110980872,0
2014-12-09 11:00:00,-1076.9389481056,0
2014-12-09 12:00:00,-1090.83069905809,0
2014-12-09 13:00:00,-1085.07050338865,0
2014-12-09 14:00:00,-1136.67916600693,0
2014-12-09 15:00:00,-1164.64377863273,0
2014-12-09 16:00:00,-1194.79955824546,0
2014-12-09 17:00:00,-1209.49826566992,0
2014-12-09 18:00:00,-1240.59592367401,0
2014-12-09 19:00:00,-1256.98920614042,0
2014-12-09 20:00:00,-1260.94661042277,0
2014-12-09 21:00:00,-1268.89225254759,0
2014-12-09 22:00:00,-1286.97514018302,0
2014-12-09 23:00:00,-1305.81759765578,0
2014-12-10 00:00:00,-1334.72884701265,0
2014-12-10 01:00:00,-1319.72928971225,0
2014-12-10 02:00:00,-1333.25163535609,0
2014-12-10 03:00:00,-1330.90811708766,0
2014-12-10 04:00:00,-1378.54165278216,0
2014-12-10 05:00:00,-1369.75353905855,0
2014-12-10 06:00:00,-1354.85624890522,0
2014-12-10 07:00:00,-1379.37165262727,0
2014-12-10 08:00:00,-1370.99431755092,0
2014-12-10 09:00:00,-1384.49613342647,0
2014-12-10 10:00:00,-1392.92194985681,0
2014-12-10 11:00:00,-1386.99453645549,0
2014-12-10 12:00:00,-1418.50249063504,0
2014-12-10 13:00:00,-1403.08834353811,0
2014-12-10 14:00:00,-1392.35030454658,0
2014-12-10 15:00:00,-1382.94987453115,0
2014-12-10 16:00:00,-1386.95970272456,0
2014-12-10 17:00:00,-1389.98251899391,0
2014-12-10 18:00:00,-1375.29930478543,0
2014-12-10 19:00:00,-1382.44646813332,0
2014-12-10 20:00:00,-1388.53589078803,0
2014-12-10 21:00:00,-1369.46234553413,0
2014-12-10 22:00:00,-1362.82854763057,0
2014-12-10 23:00:00,-1347.84036997437,0
2014-12-11 00:00:00,-1346.02970982887,0
2014-12-11 01:00:00,-1323.6415994781,0
2014-12-11 02:00:00,-1296.19433744936,0
2014-12-11 03:00:00,-1325.74722423865,0
2014-12-11 04:00:00,-1285.7534051418,0
2014-12-11 05:00:00,-1285.41148158437,0
2014-12-11 06:00:00,-1268.7641437372,0
2014-12-11 07:00:00,-1265.31393195942,0
2014-12-11 08:00:00,-1230.80200947274,0
2014-12-11 09:00:00,-1206.01712180563,0
2014-12-11 10:00:00,-1206.29211394649,0
2014-12-11 11:00:00,-1149.32396281103,0
2014-12-11 12:00:00,-1158.23377420452,0
2014-12-11 13:00:00,-1153.36465058464,0
2014-12-11 14:00:00,-1107.1761541932,0
2014-12-11 15:00:00,-1056.89473641647,0
2014-12-11 16:00:00,-1041.28559547574,0
2014-12-11 17:00:00,-1020.12644639263,0
2014-12-11 18:00:00,-1000.1035322352,0
2014-12-11 19:00:00,-977.598496962159,0
2014-12-11 20:00:00,-960.69272026779,0
2014-12-11 21:00:00,-944.985007428934,0
2014-12-11 22:00:00,-924.721898122949,0
2014-12-11 23:00:00,-884.470262137882,0
2014-12-12 00:00:00,-861.735888520521,0
2014-12-12 01:00:00,-823.019288772816,0
2014-12-12 02:00:00,-773.592570092778,0
2014-12-12 03:00:00,-760.239890004601,0
2014-12-12 04:00:00,-735.804180873553,0
2014-12-12 05:00:00,-697.441637863277,0
2014-12-12 06:00:00,-673.027954073232,0
2014-12-12 07:00:00,-612.206919447615,0
2014-12-12 08:00:00,-604.049504634232,0
2014-12-12 09:00:00,-555.19734829233,0
2014-12-12 10:00:00,-512.899160445171,0
2014-12-12 11:00:00,-471.366294342653,0
2014-12-12 12:00:00,-428.717899548937,0
2014-12-12 13:00:00,-433.563911772084,0
2014-12-12 14:00:00,-368.38948513632,0
2014-12-12 15:00:00,-348.772234972537,0
2014-12-12 16:00:00,-308.485468391835,0
2014-12-12 17:00:00,-254.209450029775,0
2014-12-12 18:00:00,-240.251098558425,0
2014-12-12 19:00:00,-189.375899467058,0
2014-12-12 20:00:00,-161.015009561608,0
2014-12-12 21:00:00,-128.400549356401,0
2014-12-12 22:00:00,-70.4288663197242,0
2014-12-12 23:00:00,-51.2918662787612,0
2014-12-13 00:00:00,-13.9995196579822,0
2014-12-13 01:00:00,33.1663110594216,0
2014-12-13 02:00:00,72.7239096047905,0
2014-12-13 03:00:00,89.6068934329296,0
2014-12-13 04:00:00,149.416928663117,0
2014-12-13 05:00:00,166.748219700256,0
2014-12-13 06:00:00,200.811336849973,0
2014-12-13 07:00:00,221.569304507371,0
2014-12-13 08:00:00,282.131276000766,0
2014-12-13 09:00:00,323.516695675886,0
2014-12-13 10:00:00,348.321306160767,0
2014-12-13 11:00:00,405.590116731342,0
2014-12-13 12:00:00,434.295307680304,0
2014-12-13 13:00:00,463.819041323469,0
2014-12-13 14:00:00,517.525725799732,0
2014-12-13 15:00:00,515.684932508372,0
2014-12-13 16:00:00,569.549813216636,0
2014-12-13 17:00:00,609.507981504984,0
2014-12-13 18:00:00,622.631384623632,0
2014-12-13 19:00:00,663.683697684863,0
2014-12-13 20:00:00,698.354399751291,0
2014-12-13 21:00:00,726.041389293374,0
2014-12-13 22:00:00,763.156101899998,0
2014-12-13 23:00:00,791.604287265515,0
2014-12-14 00:00:00,814.519421296049,0
2014-12-14 01:00:00,861.817978898806,0
2014-12-14 02:00:00,876.27612885543,0
2014-12-14 03:00:00,904.282848720578,0
2014-12-14 04:00:00,944.381137608091,0
2014-12-14 05:00:00,984.986664302029,0
2014-12-14 06:00:00,973.536904018878,0
2014-12-14 07:00:00,1020.96099840475,0
2014-12-14 08:00:00,1048.30867484133,0
2014-12-14 09:00:00,1068.67908433518,0
2014-12-14 10:00:00,1120.18796018208,0
2014-12-14 11:00:00,1128.75160718776,0
2014-12-14 12:00:00,1131.15630032372,0
2014-12-14 13:00:00,1151.47090474744,0
2014-12-14 14:00:00,1188.89709315557,0
2014-12-14 15:00:00,1209.59001861001,0
2014-12-14 16:00:00,1225.24495552742,0
2014-12-14 17:00:00,1228.64543012907,0
2014-12-14 18:00:00,1258.32130084365,0
2014-12-14 19:00:00,1267.75889073328,0
2014-12-14 20:00:00,1304.27193265226,0
2014-12-14 21:00:00,1288.93328489738,0
2014-12-14 22:00:00,1312.19623405199,0
2014-12-14 23:00:00,1313.1375171789,0
2014-12-15 00:00:00,1325.25150878085,0
2014-12-15 01:00:00,1346.80337192037,0
2014-12-15 02:00:00,1353.94393626754,0
2014-12-15 03:00:00,1359.82175968236,0
2014-12-15 04:00:00,1390.19257799785,0
2014-12-15 05:00:00,1380.97719544517,0
2014-12-15 06:00:00,1400.4173842807,0
2014-12-15 07:00:00,1380.03894251114,0
2014-12-15 08:00:00,1392.07162182204,0
2014-12-15 09:00:00,1382.28881049187,0
2014-12-15 10:00:00,1415.55598555614,0
2014-12-15 11:00:00,1389.89935486869,0
2014-12-15 12:00:00,1416.91254278074,0
2014-12-15 13:00:00,1388.8075934434,0
2014-12-15 14:00:00,1396.70028225042,0
2014-12-15 15:00:00,1363.15765024395,0
2014-12-15 16:00:00,1388.13068732869,0
2014-12-15 17:00:00,1386.09073598636,0
2014-12-15 18:00:00,1358.92470751856,0
2014-12-15 19:00:00,1370.00279525375,0
2014-12-15 20:00:00,1361.52259735847,0
2014-12-15 21:00:00,1336.30530809599,0
2014-12-15 22:00:00,1356.67494418364,0
2014-12-15 23:00:00,1322.75012706806,0
2014-12-16 00:00:00,1322.04291663208,0
2014-12-16 01:00:00,1318.0855934263,0
2014-12-16 02:00:00,1292.60197781757,0
2014-12-16 03:00:00,1292.15849008835,0
2014-12-16 04:00:00,1270.07345402157,0
2014-12-16 05:00:00,1268.81641159765,0
2014-12-16 06:00:00,1228.06451747233,0
2014-12-16 07:00:00,1204.62536912888,0
2014-12-16 08:00:00,1202.52023711876,0
2014-12-16 09:00:00,1176.76741232194,0
2014-12-16 10:00:00,1155.16933745855,0
2014-12-16 11:00:00,1142.57136074847,0
2014-12-16 12:00:00,1120.33241238932,0
2014-12-16 13:00:00,1092.30981990825,0
2014-12-16 14:00:00,1075.42142973521,0
2014-12-16 15:00:00,1052.32109348867,0
2014-12-16 16:00:00,1028.03977652963,0
2014-12-16 17:00:00,1003.62427755502,0
2014-12-16 18:00:00,980.664940207498,0
2014-12-16 19:00:00,937.681034116545,0
2014-12-16 20:00:00,906.43108811721,0
2014-12-16 21:00:00,869.220364647345,0
2014-12-16 22:00:00,850.932657988514,0
2014-12-16 23:00:00,813.576798493161,0
2014-12-17 00:00:00,797.941251949979,0
2014-12-17 01:00:00,760.317000563379,0
2014-12-17 02:00:00,724.922624177632,0
2014-12-17 03:00:00,688.341279296679,0
2014-12-17 04:00:00,667.301440343851,0
2014-12-17 05:00:00,627.137957051738,0
2014-12-17 06:00:00,586.487165051737,0
2014-12-17 07:00:00,551.030712846277,0
2014-12-17 08:00:00,544.462539250705,0
2014-12-17 09:00:00,490.330925384668,0
2014-12-17 10:00:00,454.478867372483,0
2014-12-17 11:00:00,424.410135423229,0
2014-12-17 12:00:00,385.748136419316,0
2014-12-17 13:00:00,351.371988263464,0
2014-12-17 14:00:00,316.746757454405,0
2014-12-17 15:00:00,277.256635222962,0
2014-12-17 16:00:00,235.361603316999,0
2014-12-17 17:00:00,218.588126683084,0
2014-12-17 18:00:00,172.713013751775,0
2014-12-17 19:00:00,121.089827091999,0
2014-12-17 20:00:00,108.804716553405,0
2014-12-17 21:00:00,43.6951340698366,0
2014-12-17 22:00:00,21.2711104645446,0
2014-12-17 23:00:00,-14.642922491429,0
2014-12-18 00:00:00,-58.958413696986,0
2014-12-18 01:00:00,-82.5930905770365,0
2014-12-18 02:00:00,-139.377253945473,0
2014-12-18 03:00:00,-143.078781664486,0
2014-12-18 04:00:00,-192.609488441195,0
2014-12-18 05:00:00,-214.673203099715,0
2014-12-18 06:00:00,-262.841095300406,0
2014-12-18 07:00:00,-324.857754931864,0
2014-12-18 08:00:00,-335.315997794585,0
2014-12-18 09:00:00,-373.409527942268,0
2014-12-18 10:00:00,-402.6957945866,0
2014-12-18 11:00:00,-437.506785946765,0
2014-12-18 12:00:00,-479.319229996709,0
2014-12-18 13:00:00,-512.100242764107,0
2014-12-18 14:00:00,-559.75341267871,0
2014-12-18 15:00:00,-569.872087848672,0
2014-12-18 16:00:00,-640.217462231001,0
2014-12-18 17:00:00,-674.577517026388,0
2014-12-18 18:00:00,-700.715203756057,0
2014-12-18 19:00:00,-708.63103347533,0
2014-12-18 20:00:00,-762.446683410208,0
2014-12-18 21:00:00,-785.581255112417,0
2014-12-18 22:00:00,-810.988973758684,0
2014-12-18 23:00:00,-847.192043825222,0
2014-12-19 00:00:00,-894.177760065206,0
2014-12-19 01:00:00,-887.163708352284,0
2014-12-19 02:00:00,-928.978819944926,0
2014-12-19 03:00:00,-949.770862450693,0
2014-12-19 04:00:00,-982.349089279171,0
2014-12-19 05:00:00,-1014.340159132,0
2014-12-19 06:00:00,-1032.77645409691,0
2014-12-19 07:00:00,-1049.59433377494,0
2014-12-19 08:00:00,-1099.05309754891,0
2014-12-19 09:00:00,-1118.36370683248,0
2014-12-19 10:00:00,-1113.69106976062,0
2014-12-19 11:00:00,-1159.54798329123,0
2014-12-19 12:00:00,-1170.18159985438,0
2014-12-19 13:00:00,-1206.00218400111,0
2014-12-19 14:00:00,-1201.8280885915,0
2014-12-19 15:00:00,-1221.10838823251,0
2014-12-19 16:00:00,-1248.00078526187,0
2014-12-19 17:00:00,-1244.43707966846,0
2014-12-19 18:00:00,-1282.76488020718,0
2014-12-19 19:00:00,-1295.07097141303,0
2014-12-19 20:00:00,-1293.54768978931,0
2014-12-19 21:00:00,-1313.50009148951,0
2014-12-19 22:00:00,-1321.12633050562,0
2014-12-19 23:00:00,-1325.38261608494,0
2014-12-20 00:00:00,-1348.89563808079,0
2014-12-20 01:00:00,-1353.54853863009,0
2014-12-20 02:00:00,-1375.89882707038,0
2014-12-20 03:00:00,-1370.92637101143,0
2014-12-20 04:00:00,-1385.65502047635,0
2014-12-20 05:00:00,-1373.46107702159,0
2014-12-20 06:00:00,-1392.28592305128,0
2014-12-20 07:00:00,-1394.71438022908,0
2014-12-20 08:00:00,-1397.38425294457,0
2014-12-20 09:00:00,-1421.03900780435,0
2014-12-20 10:00:00,-1409.90710184875,0
2014-12-20 11:00:00,-1376.72432013644,0
2014-12-20 12:00:00,-1388.90938530933,0
2014-12-20 13:00:00,-1393.61414535353,0
2014-12-20 14:00:00,-1392.18042115562,0
2014-12-20 15:00:00,-1387.62702042188,0
2014-12-20 16:00:00,-1375.44317826885,0
2014-12-20 17:00:00,616.412914982938,1
2014-12-20 18:00:00,616.412914982938,1
2014-12-20 19:00:00,-1359.28981290871,0
2014-12-20 20:00:00,-1362.11548965694,0
2014-12-20 21:00:00,-1342.62952043574,0
2014-12-20 22:00:00,-1320.98334670347,0
2014-12-20 23:00:00,-1330.22972962386,0
2014-12-21 00:00:00,-1289.90632318314,0
2014-12-21 01:00:00,-1274.0462316421,0
2014-12-21 02:00:00,-1272.10458512125,0
2014-12-21 03:00:00,-1253.1211455187,0
2014-12-21 04:00:00,-1224.51198813848,0
2014-12-21 05:00:00,-1228.01811008641,0
2014-12-21 06:00:00,-1213.36788603609,0
2014-12-21 07:00:00,-1196.34840843993,0
2014-12-21 08:00:00,-1174.18053283559,0
2014-12-21 09:00:00,-1150.23717924256,0
2014-12-21 10:00:00,-1116.47281632027,0
2014-12-21 11:00:00,-1108.30424240052,0
2014-12-21 12:00:00,-1077.53081496226,0
2014-12-21 13:00:00,-1048.6427724572,0
2014-12-21 14:00:00,-1039.60525728735,0
2014-12-21 15:00:00,-984.184644157416,0
2014-12-21 16:00:00,-959.067979731053,0
2014-12-21 17:00:00,-966.281315502479,0
2014-12-21 18:00:00,-924.056072743837,0
2014-12-21 19:00:00,-894.49311086045,0
2014-12-21 20:00:00,-859.556032215878,0
2014-12-21 21:00:00,-844.739133135703,0
2014-12-21 22:00:00,-805.807800864313,0
2014-12-21 23:00:00,-762.322802969284,0
2014-12-22 00:00:00,-728.757798742029,0
2014-12-22 01:00:00,-705.339978106692,0
2014-12-22 02:00:00,-671.858529539298,0
2014-12-22 03:00:00,-649.908345412667,0
2014-12-22 04:00:00,-614.435189668305,0
2014-12-22 05:00:00,-563.121407154036,0
2014-12-22 06:00:00,-541.119235008952,0
2014-12-22 07:00:00,-514.893426578827,0
2014-12-22 08:00:00,-454.601657399242,0
2014-12-22 09:00:00,-443.872065621463,0
2014-12-22 10:00:00,-389.559677804356,0
2014-12-22 11:00:00,-359.861937366104,0
2014-12-22 12:00:00,-326.090209068022,0
2014-12-22 13:00:00,-297.454341580356,0
2014-12-22 14:00:00,-247.851667074475,0
2014-12-22 15:00:00,-239.045917907584,0
2014-12-22 16:00:00,-195.086544727113,0
2014-12-22 17:00:00,-149.992724772566,0
2014-12-22 18:00:00,-108.583818173827,0
2014-12-22 19:00:00,-72.091125931794,0
2014-12-22 20:00:00,-39.2366235901479,0
2014-12-22 21:00:00,-2.13442100799382,0
2014-12-22 22:00:00,43.4202768251495,0
2014-12-22 23:00:00,68.1066693220947,0
2014-12-23 00:00:00,88.3877905173673,0
2014-12-23 01:00:00,149.532533920982,0
2014-12-23 02:00:00,195.886160174524,0
2014-12-23 03:00:00,233.949308092868,0
2014-12-23 04:00:00,256.574430091064,0
2014-12-23 05:00:00,295.546489195235,0
2014-12-23 06:00:00,349.074430703227,0
2014-12-23 07:00:00,361.356894612328,0
2014-12-23 08:00:00,402.729964021427,0
2014-12-23 09:00:00,444.957495404826,0
2014-12-23 10:00:00,467.663854346984,0
2014-12-23 11:00:00,504.464210263791,0
2014-12-23 12:00:00,550.255988274246,0
2014-12-23 13:00:00,570.124635835409,0
2014-12-23 14:00:00,616.756091740702,0
2014-12-23 15:00:00,631.792958015691,0
2014-12-23 16:00:00,655.545349408246,0
2014-12-23 17:00:00,716.860510268619,0
2014-12-23 18:00:00,740.380696447999,0
2014-12-23 19:00:00,768.334084354488,0
2014-12-23 20:00:00,798.11178627592,0
2014-12-23 21:00:00,844.932931670824,0
2014-12-23 22:00:00,851.657776138173,0
2014-12-23 23:00:00,903.127383315187,0
2014-12-24 00:00:00,909.483637486883,0
2014-12-24 01:00:00,947.091765833457,0
2014-12-24 02:00:00,973.27373799554,0
2014-12-24 03:00:00,1008.28711958347,0
2014-12-24 04:00:00,1008.07057509092,0
2014-12-24 05:00:00,1049.70305613013,0
2014-12-24 06:00:00,1075.17016306119,0
2014-12-24 07:00:00,1106.24156401232,0
2014-12-24 08:00:00,1135.0911082211,0
2014-12-24 09:00:00,1133.78945586407,0
2014-12-24 10:00:00,1169.23092169639,0
2014-12-24 11:00:00,1190.78221899971,0
2014-12-24 12:00:00,1218.2632870447,0
2014-12-24 13:00:00,1222.80509861599,0
2014-12-24 14:00:00,1254.0727279035,0
2014-12-24 15:00:00,1259.21240289173,0
2014-12-24 16:00:00,1270.92812881225,0
2014-12-24 17:00:00,1294.82735618847,0
2014-12-24 18:00:00,1306.41885976289,0
2014-12-24 19:00:00,1320.72536881476,0
2014-12-24 20:00:00,1339.81417884508,0
2014-12-24 21:00:00,1336.94597178023,0
2014-12-24 22:00:00,1347.86745786131,0
2014-12-24 23:00:00,1357.67339730316,0
2014-12-25 00:00:00,1380.18899454592,0
2014-12-25 01:00:00,1397.35923959996,0
2014-12-25 02:00:00,1393.06065951665,0
2014-12-25 03:00:00,1399.44608331577,0
2014-12-25 04:00:00,1412.0757717951,0
2014-12-25 05:00:00,1389.94386399769,0
2014-12-25 06:00:00,1382.68953550925,0
2014-12-25 07:00:00,1388.29417334714,0
2014-12-25 08:00:00,1403.96596502488,0
2014-12-25 09:00:00,1401.0969457051,0
2014-12-25 10:00:00,1369.65113721927,0
2014-12-25 11:00:00,1410.26512030476,0
2014-12-25 12:00:00,1391.52633794309,0
2014-12-25 13:00:00,1389.0553499364,0
2014-12-25 14:00:00,1388.90747064595,0
2014-12-25 15:00:00,1363.81314452704,0
2014-12-25 16:00:00,1363.25436868243,0
2014-12-25 17:00:00,1374.2464337568,0
2014-12-25 18:00:00,1375.45995045103,0
2014-12-25 19:00:00,1351.25503648526,0
2014-12-25 20:00:00,1340.79943247241,0
2014-12-25 21:00:00,1301.9358817855,0
2014-12-25 22:00:00,1319.42377278709,0
2014-12-25 23:00:00,1306.39777700318,0
2014-12-26 00:00:00,1275.42764658843,0
2014-12-26 01:00:00,1265.78398937688,0
2014-12-26 02:00:00,1257.37056336223,0
2014-12-26 03:00:00,1253.50570450676,0
2014-12-26 04:00:00,1199.37017802363,0
2014-12-26 05:00:00,1203.80016276625,0
2014-12-26 06:00:00,1187.68294587617,0
2014-12-26 07:00:00,1161.83030182041,0
2014-12-26 08:00:00,1133.41947730105,0
2014-12-26 09:00:00,1106.14704555503,0
2014-12-26 10:00:00,1086.47660837731,0
2014-12-26 11:00:00,1070.30018698661,0
2014-12-26 12:00:00,1024.22374666281,0
2014-12-26 13:00:00,997.243407237054,0
2014-12-26 14:00:00,976.758639861117,0
2014-12-26 15:00:00,942.122594953652,0
2014-12-26 16:00:00,911.952393420025,0
2014-12-26 17:00:00,917.360207895757,0
2014-12-26 18:00:00,863.310632752769,0
2014-12-26 19:00:00,838.501391613615,0
2014-12-26 20:00:00,801.598452473963,0
2014-12-26 21:00:00,789.177841579682,0
2014-12-26 22:00:00,758.250693001421,0
2014-12-26 23:00:00,733.889574432855,0
2014-12-27 00:00:00,683.605339822413,0
2014-12-27 01:00:00,669.723883006935,0
2014-12-27 02:00:00,624.502222444724,0
2014-12-27 03:00:00,575.18354926992,0
2014-12-27 04:00:00,568.215226147289,0
2014-12-27 05:00:00,537.877064844393,0
2014-12-27 06:00:00,495.365597860596,0
2014-12-27 07:00:00,446.777085522589,0
2014-12-27 08:00:00,401.374853469438,0
2014-12-27 09:00:00,380.939572693186,0
2014-12-27 10:00:00,329.818609536003,0
2014-12-27 11:00:00,288.519341625816,0
2014-12-27 12:00:00,279.853076384588,0
2014-12-27 13:00:00,232.263918779003,0
2014-12-27 14:00:00,194.444632581973,0
2014-12-27 15:00:00,154.896003666225,0
2014-12-27 16:00:00,139.470942664167,0
2014-12-27 17:00:00,70.5042278926513,0
2014-12-27 18:00:00,45.9279171070181,0
2014-12-27 19:00:00,19.8889744564891,0
2014-12-27 20:00:00,-20.3106059653278,0
2014-12-27 21:00:00,-67.4228621023436,0
2014-12-27 22:00:00,-98.4380011758628,0
2014-12-27 23:00:00,-136.908871700846,0
2014-12-28 00:00:00,-153.213809728649,0
2014-12-28 01:00:00,-207.416600787511,0
2014-12-28 02:00:00,-252.416628200545,0
2014-12-28 03:00:00,-268.655911233113,0
2014-12-28 04:00:00,-331.999653243399,0
2014-12-28 05:00:00,-348.15519294788,0
2014-12-28 06:00:00,-376.354410451322,0
2014-12-28 07:00:00,-438.260701159251,0
2014-12-28 08:00:00,-457.115026539024,0
2014-12-28 09:00:00,-485.13960106457,0
2014-12-28 10:00:00,-517.874979272132,0
2014-12-28 11:00:00,-547.596127066884,0
2014-12-28 12:00:00,-577.05562273313,0
2014-12-28 13:00:00,-629.324085479844,0
2014-12-28 14:00:00,-673.771002565871,0
2014-12-28 15:00:00,-705.234105096961,0
2014-12-28 16:00:00,-721.226973946207,0
2014-12-28 17:00:00,-777.625162043377,0
2014-12-28 18:00:00,-785.733645753061,0
2014-12-28 19:00:00,-834.294897987286,0
2014-12-28 20:00:00,-861.542609780591,0
2014-12-28 21:00:00,-876.778092076227,0
2014-12-28 22:00:00,-915.577075790208,0
2014-12-28 23:00:00,-946.114472057056,0
2014-12-29 00:00:00,-971.551847383615,0
2014-12-29 01:00:00,-975.238608433487,0
2014-12-29 02:00:00,-1031.77537743115,0
2014-12-29 03:00:00,-1040.6432950865,0
2014-12-29 04:00:00,-1071.39250881435,0
2014-12-29 05:00:00,-1057.34256792182,0
2014-12-29 06:00:00,-1114.55302521666,0
2014-12-29 07:00:00,-1114.91319259623,0
2014-12-29 08:00:00,-1146.73482600082,0
2014-12-29 09:00:00,-1193.96015248243,0
2014-12-29 10:00:00,-1190.72225939792,0
2014-12-29 11:00:00,-1207.55271402735,0
2014-12-29 12:00:00,-1232.89294134455,0
2014-12-29 13:00:00,-1271.73356560149,0
2014-12-29 14:00:00,-1241.77426315065,0
2014-12-29 15:00:00,-1283.85403705956,0
2014-12-29 16:00:00,-1311.61407355269,0
2014-12-29 17:00:00,-1295.96525461159,0
2014-12-29 18:00:00,-1324.9879382312,0
2014-12-29 19:00:00,-1331.20893203285,0
2014-12-29 20:00:00,-1353.17497948103,0
2014-12-29 21:00:00,-1374.05908503171,0
2014-12-29 22:00:00,-1364.99692618903,0
2014-12-29 23:00:00,-1362.72652164486,0
2014-12-30 00:00:00,-1378.0404842076,0
2014-12-30 01:00:00,-1383.44373239993,0
2014-12-30 02:00:00,-1386.22116133549,0
2014-12-30 03:00:00,-1388.21781320944,0
2014-12-30 04:00:00,-1398.43501009665,0
2014-12-30 05:00:00,-1400.86427152185,0
2014-12-30 06:00:00,-1406.58369298597,0
2014-12-30 07:00:00,-1413.71327113534,0
2014-12-30 08:00:00,-1413.38327655732,0
2014-12-30 09:00:00,-1404.20004902024,0
2014-12-30 10:00:00,-1400.75932943723,0
2014-12-30 11:00:00,-1392.95174505325,0
2014-12-30 12:00:00,587.893627360526,1
2014-12-30 13:00:00,587.893627360526,1
2014-12-30 14:00:00,-1354.48329097968,0
2014-12-30 15:00:00,-1359.03785438774,0
2014-12-30 16:00:00,-1351.45802282244,0
2014-12-30 17:00:00,-1344.84678733417,0
2014-12-30 18:00:00,-1343.96938480691,0
2014-12-30 19:00:00,-1328.74245237793,0
2014-12-30 20:00:00,-1313.73670193578,0
2014-12-30 21:00:00,-1295.18865564897,0
2014-12-30 22:00:00,-1282.1233617963,0
2014-12-30 23:00:00,-1246.55246803063,0
2014-12-31 00:00:00,-1253.95285360617,0
2014-12-31 01:00:00,-1241.35440872513,0
2014-12-31 02:00:00,-1233.18180521211,0
2014-12-31 03:00:00,-1207.34244267721,0
2014-12-31 04:00:00,-1148.10982189955,0
2014-12-31 05:00:00,-1152.83177401069,0
2014-12-31 06:00:00,-1124.85854811107,0
2014-12-31 07:00:00,-1110.45540745033,0
2014-12-31 08:00:00,-1087.88535339999,0
2014-12-31 09:00:00,-1067.99957338592,0
2014-12-31 10:00:00,-1035.62824944989,0
2014-12-31 11:00:00,-1000.71373131667,0
2014-12-31 12:00:00,-980.814020100091,0
2014-12-31 13:00:00,-966.599622382776,0
2014-12-31 14:00:00,-935.73689907046,0
2014-12-31 15:00:00,-924.932882914372,0
2014-12-31 16:00:00,-867.912190670043,0
2014-12-31 17:00:00,-831.30747371984,0
2014-12-31 18:00:00,-838.103299924775,0
2014-12-31 19:00:00,-791.323185993147,0
2014-12-31 20:00:00,-769.890079364442,0
2014-12-31 21:00:00,-741.927249540681,0
2014-12-31 22:00:00,-685.031022207491,0
2014-12-31 23:00:00,-651.493542127289,0
2015-01-01 00:00:00,-609.069164698318,0
2015-01-01 01:00:00,-592.521859262847,0
2015-01-01 02:00:00,-584.27657018115,0
2015-01-01 03:00:00,-524.64944512118,0
2015-01-01 04:00:00,-503.092325318785,0
2015-01-01 05:00:00,-462.728371725822,0
2015-01-01 06:00:00,-422.630693207407,0
2015-01-01 07:00:00,-388.971082571315,0
2015-01-01 08:00:00,-345.186423816738,0
2015-01-01 09:00:00,-325.057811587356,0
2015-01-01 10:00:00,-289.002345435892,0
2015-01-01 11:00:00,-243.030358897082,0
2015-01-01 12:00:00,-198.725976822136,0
2015-01-01 13:00:00,-175.875829729533,0
2015-01-01 14:00:00,-141.978308642527,0
2015-01-01 15:00:00,-108.694031097185,0
2015-01-01 16:00:00,-68.7345931165642,0
2015-01-01 17:00:00,-26.4437853270884,0
2015-01-01 18:00:00,1.01968196172036,0
2015-01-01 19:00:00,58.606474918792,0
2015-01-01 20:00:00,65.5056510812004,0
2015-01-01 21:00:00,123.495126100591,0
2015-01-01 22:00:00,146.273483585439,0
2015-01-01 23:00:00,212.407991184561,0
2015-01-02 00:00:00,230.131215554725,0
2015-01-02 01:00:00,284.726664981368,0
2015-01-02 02:00:00,304.064412404987,0
2015-01-02 03:00:00,342.491579529271,0
2015-01-02 04:00:00,369.513676870734,0
2015-01-02 05:00:00,382.476867684062,0
2015-01-02 06:00:00,469.839940678898,0
2015-01-02 07:00:00,471.241167095843,0
2015-01-02 08:00:00,549.671164604233,0
2015-01-02 09:00:00,559.3598348466,0
2015-01-02 10:00:00,583.490375243051,0
2015-01-02 11:00:00,630.917583304241,0
2015-01-02 12:00:00,665.997767534857,0
2015-01-02 13:00:00,686.423283838667,0
2015-01-02 14:00:00,722.562079006922,0
2015-01-02 15:00:00,772.967291991357,0
2015-01-02 16:00:00,768.328082251772,0
2015-01-02 17:00:00,813.793709950683,0
2015-01-02 18:00:00,853.042671117077,0
2015-01-02 19:00:00,858.132052085498,0
2015-01-02 20:00:00,882.76173516895,0
2015-01-02 21:00:00,945.478946468128,0
2015-01-02 22:00:00,949.829971522226,0
2015-01-02 23:00:00,973.44408439495,0
2015-01-03 00:00:00,1010.56576366404,0
2015-01-03 01:00:00,1030.26193582751,0
2015-01-03 02:00:00,1054.87903552809,0
2015-01-03 03:00:00,1069.32799800889,0
2015-01-03 04:00:00,1098.11548285153,0
2015-01-03 05:00:00,1139.80352255154,0
2015-01-03 06:00:00,1157.55448143968,0
2015-01-03 07:00:00,1165.81423816673,0
2015-01-03 08:00:00,1219.34527231753,0
2015-01-03 09:00:00,1228.16951167284,0
2015-01-03 10:00:00,1222.00247552975,0
2015-01-03 11:00:00,1246.4416943802,0
2015-01-03 12:00:00,1228.424534851,0
2015-01-03 13:00:00,1290.17034294422,0
2015-01-03 14:00:00,1300.51237491688,0
2015-01-03 15:00:00,1302.69086757552,0
2015-01-03 16:00:00,1318.91675939533,0
2015-01-03 17:00:00,1333.95520530594,0
2015-01-03 18:00:00,1355.21466833587,0
2015-01-03 19:00:00,1343.42337443393,0
2015-01-03 20:00:00,1374.9394628174,0
2015-01-03 21:00:00,1379.6776026907,0
2015-01-03 22:00:00,1370.8231960244,0
2015-01-03 23:00:00,1381.62505925259,0
2015-01-04 00:00:00,1410.27915969158,0
2015-01-04 01:00:00,1392.57053940752,0
2015-01-04 02:00:00,1382.29347938865,0
2015-01-04 03:00:00,1383.67960954869,0
2015-01-04 04:00:00,1400.43595205394,0
2015-01-04 05:00:00,1404.16275771907,0
2015-01-04 06:00:00,1403.62946563825,0
2015-01-04 07:00:00,1396.3236943704,0
2015-01-04 08:00:00,1374.87539476307,0
2015-01-04 09:00:00,1388.04537287923,0
2015-01-04 10:00:00,1398.5936699851,0
2015-01-04 11:00:00,1357.31396563429,0
2015-01-04 12:00:00,1383.0445042144,0
2015-01-04 13:00:00,1352.57538038122,0
2015-01-04 14:00:00,1357.89546178894,0
2015-01-04 15:00:00,1335.43487305456,0
2015-01-04 16:00:00,1349.51583172728,0
2015-01-04 17:00:00,1322.64173397067,0
2015-01-04 18:00:00,1321.54050468476,0
2015-01-04 19:00:00,1294.90726475467,0
2015-01-04 20:00:00,1276.58607758486,0
2015-01-04 21:00:00,1257.98071843899,0
2015-01-04 22:00:00,1245.95782296602,0
2015-01-04 23:00:00,1237.97114582286,0
2015-01-05 00:00:00,1239.44171659467,0
2015-01-05 01:00:00,1211.93351715624,0
2015-01-05 02:00:00,1179.26068552366,0
2015-01-05 03:00:00,1168.70388275495,0
2015-01-05 04:00:00,1134.0186978922,0
2015-01-05 05:00:00,1116.41435560774,0
2015-01-05 06:00:00,1102.28233902462,0
2015-01-05 07:00:00,1106.6622347149,0
2015-01-05 08:00:00,1055.49392738856,0
2015-01-05 09:00:00,1029.16380097555,0
2015-01-05 10:00:00,977.101127688494,0
2015-01-05 11:00:00,989.025992446259,0
2015-01-05 12:00:00,962.798780007859,0
2015-01-05 13:00:00,903.518802974399,0
2015-01-05 14:00:00,893.004831930808,0
2015-01-05 15:00:00,854.855406401345,0
2015-01-05 16:00:00,835.796103726935,0
2015-01-05 17:00:00,798.81402914383,0
2015-01-05 18:00:00,784.874539790917,0
2015-01-05 19:00:00,744.718182377281,0
2015-01-05 20:00:00,711.468149619091,0
2015-01-05 21:00:00,682.497094505734,0
2015-01-05 22:00:00,625.46538385631,0
2015-01-05 23:00:00,599.313745975176,0
2015-01-06 00:00:00,593.610297798353,0
2015-01-06 01:00:00,546.611288758622,0
2015-01-06 02:00:00,514.547943999958,0
2015-01-06 03:00:00,459.804199896612,0
2015-01-06 04:00:00,464.022631954899,0
2015-01-06 05:00:00,398.746293591794,0
2015-01-06 06:00:00,374.306272782895,0
2015-01-06 07:00:00,330.084007392838,0
2015-01-06 08:00:00,306.894136148066,0
2015-01-06 09:00:00,250.286488337541,0
2015-01-06 10:00:00,234.515139636641,0
2015-01-06 11:00:00,197.956812066381,0
2015-01-06 12:00:00,141.324090491859,0
2015-01-06 13:00:00,94.7789104642593,0
2015-01-06 14:00:00,80.3445432887852,0
2015-01-06 15:00:00,12.9695016773547,0
2015-01-06 16:00:00,9.67057057376474,0
2015-01-06 17:00:00,-27.2191139832044,0
2015-01-06 18:00:00,-63.9887366853821,0
2015-01-06 19:00:00,-113.509343516913,0
2015-01-06 20:00:00,-126.689482351267,0
2015-01-06 21:00:00,-185.281953832561,0
2015-01-06 22:00:00,-231.109627365662,0
2015-01-06 23:00:00,-261.316414435419,0
2015-01-07 00:00:00,-307.367270336236,0
2015-01-07 01:00:00,-343.751145803527,0
2015-01-07 02:00:00,-363.43161662167,0
2015-01-07 03:00:00,-400.898384735523,0
2015-01-07 04:00:00,-442.783766423567,0
2015-01-07 05:00:00,-474.400451069732,0
2015-01-07 06:00:00,-508.50698455849,0
2015-01-07 07:00:00,-544.612999823944,0
2015-01-07 08:00:00,-555.844808797472,0
2015-01-07 09:00:00,-615.486625446389,0
2015-01-07 10:00:00,-634.605228890329,0
2015-01-07 11:00:00,-678.701883086923,0
2015-01-07 12:00:00,-718.932759611157,0
2015-01-07 13:00:00,-749.382563123412,0
2015-01-07 14:00:00,-768.599075182485,0
2015-01-07 15:00:00,-807.344244525028,0
2015-01-07 16:00:00,-829.477889509326,0
2015-01-07 17:00:00,-857.04708005998,0
2015-01-07 18:00:00,-881.674406783486,0
2015-01-07 19:00:00,-929.376983346404,0
2015-01-07 20:00:00,-930.799096266727,0
2015-01-07 21:00:00,-993.887502746228,0
2015-01-07 22:00:00,-1020.32030248869,0
2015-01-07 23:00:00,-1012.29747892245,0
2015-01-08 00:00:00,-1036.04569141171,0
2015-01-08 01:00:00,-1086.59948547857,0
2015-01-08 02:00:00,-1091.81383088484,0
2015-01-08 03:00:00,-1134.56286384618,0
2015-01-08 04:00:00,-1124.23766757147,0
2015-01-08 05:00:00,-1162.11386079577,0
2015-01-08 06:00:00,-1184.618901747,0
2015-01-08 07:00:00,-1206.1777181194,0
2015-01-08 08:00:00,-1234.650000311,0
2015-01-08 09:00:00,-1229.32724421804,0
2015-01-08 10:00:00,-1255.426005502,0
2015-01-08 11:00:00,-1265.90452511893,0
2015-01-08 12:00:00,-1295.28502475966,0
2015-01-08 13:00:00,-1305.17364991052,0
2015-01-08 14:00:00,-1311.02611542025,0
2015-01-08 15:00:00,-1345.18757312268,0
2015-01-08 16:00:00,-1347.69890721305,0
2015-01-08 17:00:00,-1354.51921374677,0
2015-01-08 18:00:00,-1350.84380083787,0
2015-01-08 19:00:00,-1375.99530625846,0
2015-01-08 20:00:00,-1385.06073250464,0
2015-01-08 21:00:00,-1375.03632523429,0
2015-01-08 22:00:00,-1393.55992186765,0
2015-01-08 23:00:00,-1378.64935534399,0
2015-01-09 00:00:00,-1412.02205417973,0
2015-01-09 01:00:00,-1400.18593753019,0
2015-01-09 02:00:00,-1406.50071689665,0
2015-01-09 03:00:00,-1404.03425094325,0
2015-01-09 04:00:00,-1390.06626707956,0
2015-01-09 05:00:00,-1388.89079710028,0
2015-01-09 06:00:00,-1402.76637563232,0
2015-01-09 07:00:00,-1411.67267772205,0
2015-01-09 08:00:00,-1395.23209818484,0
2015-01-09 09:00:00,-1366.83616052619,0
2015-01-09 10:00:00,-1375.51156609306,0
2015-01-09 11:00:00,-1377.79811782695,0
2015-01-09 12:00:00,-1359.84294400655,0
2015-01-09 13:00:00,-1341.77075152754,0
2015-01-09 14:00:00,-1320.42511468142,0
2015-01-09 15:00:00,-1323.780472969,0
2015-01-09 16:00:00,-1328.67417236792,0
2015-01-09 17:00:00,-1279.84709403363,0
2015-01-09 18:00:00,-1290.1200818032,0
2015-01-09 19:00:00,-1260.74061496406,0
2015-01-09 20:00:00,-1246.43436344113,0
2015-01-09 21:00:00,-1266.66355350559,0
2015-01-09 22:00:00,-1208.81115907266,0
2015-01-09 23:00:00,-1209.81807524029,0
2015-01-10 00:00:00,-1198.72163485898,0
2015-01-10 01:00:00,-1168.73830236274,0
2015-01-10 02:00:00,-1147.89525049576,0
2015-01-10 03:00:00,-1126.92632145131,0
2015-01-10 04:00:00,-1106.45931535011,0
2015-01-10 05:00:00,-1065.14469066734,0
2015-01-10 06:00:00,-1046.40291840678,0
2015-01-10 07:00:00,-1029.37825669223,0
2015-01-10 08:00:00,-1014.08879970629,0
2015-01-10 09:00:00,-967.890483658496,0
2015-01-10 10:00:00,-947.187586487348,0
2015-01-10 11:00:00,-931.897840668124,0
2015-01-10 12:00:00,-904.568278156011,0
2015-01-10 13:00:00,-873.080771829696,0
2015-01-10 14:00:00,-842.720205203307,0
2015-01-10 15:00:00,-806.768642203089,0
2015-01-10 16:00:00,-770.724766766939,0
2015-01-10 17:00:00,-746.943194905593,0
2015-01-10 18:00:00,-736.26434464959,0
2015-01-10 19:00:00,-681.696089564664,0
2015-01-10 20:00:00,-640.834990227173,0
2015-01-10 21:00:00,-634.327427647474,0
2015-01-10 22:00:00,-607.208913669253,0
2015-01-10 23:00:00,-543.776934917365,0
2015-01-11 00:00:00,-522.415036307685,0
2015-01-11 01:00:00,-477.830361091771,0
2015-01-11 02:00:00,-451.072964454106,0
2015-01-11 03:00:00,-393.9556174857,0
2015-01-11 04:00:00,-364.224358649903,0
2015-01-11 05:00:00,-334.345357229556,0
2015-01-11 06:00:00,-296.177268744063,0
2015-01-11 07:00:00,-258.496755782735,0
2015-01-11 08:00:00,-219.989668628318,0
2015-01-11 09:00:00,-205.943092210263,0
2015-01-11 10:00:00,-141.366897423931,0
2015-01-11 11:00:00,-137.496047597352,0
2015-01-11 12:00:00,-108.490101309949,0
2015-01-11 13:00:00,-49.767036969552,0
2015-01-11 14:00:00,-3.5993933109785,0
2015-01-11 15:00:00,31.021100032252,0
2015-01-11 16:00:00,70.2245379192566,0
2015-01-11 17:00:00,102.050090529437,0
2015-01-11 18:00:00,131.316447669728,0
2015-01-11 19:00:00,176.469847588737,0
2015-01-11 20:00:00,231.577691408148,0
2015-01-11 21:00:00,245.341291690656,0
2015-01-11 22:00:00,290.324813069819,0
2015-01-11 23:00:00,326.588657372254,0
2015-01-12 00:00:00,370.70783447382,0
2015-01-12 01:00:00,381.032921755151,0
2015-01-12 02:00:00,424.472911967985,0
2015-01-12 03:00:00,467.01899467876,0
2015-01-12 04:00:00,494.131621722294,0
2015-01-12 05:00:00,535.333370066422,0
2015-01-12 06:00:00,564.737548345495,0
2015-01-12 07:00:00,590.741912917991,0
2015-01-12 08:00:00,616.845859165039,0
2015-01-12 09:00:00,676.645927933592,0
2015-01-12 10:00:00,701.25384426749,0
2015-01-12 11:00:00,740.396578013766,0
2015-01-12 12:00:00,738.109822373783,0
2015-01-12 13:00:00,806.0993611633,0
2015-01-12 14:00:00,828.528284382819,0
2015-01-12 15:00:00,849.528535104243,0
2015-01-12 16:00:00,889.623110751744,0
2015-01-12 17:00:00,915.338512238223,0
2015-01-12 18:00:00,947.122439480814,0
2015-01-12 19:00:00,973.253773272366,0
2015-01-12 20:00:00,995.823281896325,0
2015-01-12 21:00:00,1021.44690481432,0
2015-01-12 22:00:00,1038.36013658306,0
2015-01-12 23:00:00,1074.46862603906,0
2015-01-13 00:00:00,1087.23979332756,0
2015-01-13 01:00:00,1130.45154979128,0
2015-01-13 02:00:00,1139.30088970438,0
2015-01-13 03:00:00,1175.32985896516,0
2015-01-13 04:00:00,1176.08587719863,0
2015-01-13 05:00:00,1197.36725919156,0
2015-01-13 06:00:00,1227.69849668888,0
2015-01-13 07:00:00,1248.86363666036,0
2015-01-13 08:00:00,1241.00528419089,0
2015-01-13 09:00:00,1278.93175039295,0
2015-01-13 10:00:00,1297.09492348985,0
2015-01-13 11:00:00,1294.57956246367,0
2015-01-13 12:00:00,1320.67955074221,0
2015-01-13 13:00:00,1318.34344312104,0
2015-01-13 14:00:00,1331.3121892697,0
2015-01-13 15:00:00,1345.90005468908,0
2015-01-13 16:00:00,1349.92522585587,0
2015-01-13 17:00:00,1382.62581615355,0
2015-01-13 18:00:00,1373.74841192697,0
2015-01-13 19:00:00,1376.42528989541,0
2015-01-13 20:00:00,1368.97261431236,0
2015-01-13 21:00:00,1392.6394581786,0
2015-01-13 22:00:00,1387.29695666548,0
2015-01-13 23:00:00,1394.24223009309,0
2015-01-14 00:00:00,1396.85522944372,0
2015-01-14 01:00:00,1383.28985841335,0
2015-01-14 02:00:00,1406.81824397935,0
2015-01-14 03:00:00,1403.03129970465,0
2015-01-14 04:00:00,1403.24918318575,0
2015-01-14 05:00:00,1386.39729679838,0
2015-01-14 06:00:00,1371.33571688861,0
2015-01-14 07:00:00,1408.33608338526,0
2015-01-14 08:00:00,1396.56263834468,0
2015-01-14 09:00:00,1369.13375640295,0
2015-01-14 10:00:00,1350.45949085897,0
2015-01-14 11:00:00,1355.49513024922,0
2015-01-14 12:00:00,1347.29688030073,0
2015-01-14 13:00:00,1314.23875603436,0
2015-01-14 14:00:00,1322.30464088405,0
2015-01-14 15:00:00,1313.748559528,0
2015-01-14 16:00:00,1317.95492506958,0
2015-01-14 17:00:00,1272.77359551545,0
2015-01-14 18:00:00,1296.17643393883,0
2015-01-14 19:00:00,1267.34096746633,0
2015-01-14 20:00:00,1235.67546390875,0
2015-01-14 21:00:00,1214.29234596083,0
2015-01-14 22:00:00,1203.99203150241,0
2015-01-14 23:00:00,1193.92103018568,0
2015-01-15 00:00:00,1175.24848962896,0
2015-01-15 01:00:00,1140.13317863996,0
2015-01-15 02:00:00,1107.39995730049,0
2015-01-15 03:00:00,1105.25035224125,0
2015-01-15 04:00:00,1080.97356665098,0
2015-01-15 05:00:00,1038.52156155531,0
2015-01-15 06:00:00,1008.26477782278,0
2015-01-15 07:00:00,992.600100937215,0
2015-01-15 08:00:00,971.327344372293,0
2015-01-15 09:00:00,937.683459253522,0
2015-01-15 10:00:00,900.815629919555,0
2015-01-15 11:00:00,874.421670372648,0
2015-01-15 12:00:00,863.603995959594,0
2015-01-15 13:00:00,832.34047398388,0
2015-01-15 14:00:00,798.155829118473,0
2015-01-15 15:00:00,756.312359288125,0
2015-01-15 16:00:00,730.351987878576,0
2015-01-15 17:00:00,687.74487949344,0
2015-01-15 18:00:00,677.549877197301,0
2015-01-15 19:00:00,615.053442656868,0
2015-01-15 20:00:00,598.686866704005,0
2015-01-15 21:00:00,564.938153317069,0
2015-01-15 22:00:00,526.36909195495,0
2015-01-15 23:00:00,525.94919989926,0
2015-01-16 00:00:00,488.287588169525,0
2015-01-16 01:00:00,423.015483944367,0
2015-01-16 02:00:00,398.041731420516,0
2015-01-16 03:00:00,360.953693943194,0
2015-01-16 04:00:00,326.182965564606,0
2015-01-16 05:00:00,290.362815591922,0
2015-01-16 06:00:00,241.08324131524,0
2015-01-16 07:00:00,187.973717951658,0
2015-01-16 08:00:00,170.058377992072,0
2015-01-16 09:00:00,145.426314075066,0
2015-01-16 10:00:00,94.623781452258,0
2015-01-16 11:00:00,67.4847189618888,0
2015-01-16 12:00:00,18.1306156986696,0
2015-01-16 13:00:00,-7.99344185903626,0
2015-01-16 14:00:00,-42.3034894678982,0
2015-01-16 15:00:00,-83.898741510635,0
2015-01-16 16:00:00,-133.179241838902,0
2015-01-16 17:00:00,-145.871306315296,0
2015-01-16 18:00:00,-196.366724409908,0
2015-01-16 19:00:00,-246.418352814304,0
2015-01-16 20:00:00,-276.414823387364,0
2015-01-16 21:00:00,-304.201177658571,0
2015-01-16 22:00:00,-350.620524966914,0
2015-01-16 23:00:00,-397.48403969323,0
2015-01-17 00:00:00,-424.254085789329,0
2015-01-17 01:00:00,-449.500305509244,0
2015-01-17 02:00:00,-482.548319914662,0
2015-01-17 03:00:00,-501.814556139891,0
2015-01-17 04:00:00,-559.880803989759,0
2015-01-17 05:00:00,-596.167035305849,0
2015-01-17 06:00:00,-627.523435054445,0
2015-01-17 07:00:00,-642.194042891974,0
2015-01-17 08:00:00,-695.159090075557,0
2015-01-17 09:00:00,-719.186895529727,0
2015-01-17 10:00:00,-726.429567271439,0
2015-01-17 11:00:00,-794.52923563217,0
2015-01-17 12:00:00,-820.125233118849,0
2015-01-17 13:00:00,-845.962935720364,0
2015-01-17 14:00:00,-888.030665011144,0
2015-01-17 15:00:00,-896.914576279495,0
2015-01-17 16:00:00,-950.087873833093,0
2015-01-17 17:00:00,-959.02407437037,0
2015-01-17 18:00:00,-991.120250820113,0
2015-01-17 19:00:00,-1015.47876280909,0
2015-01-17 20:00:00,-1020.56727662492,0
2015-01-17 21:00:00,-1049.9671469125,0
2015-01-17 22:00:00,-1062.12141677336,0
2015-01-17 23:00:00,-1093.36362644743,0
2015-01-18 00:00:00,-1125.37794598461,0
2015-01-18 01:00:00,-1155.59460538167,0
2015-01-18 02:00:00,-1166.9183466436,0
2015-01-18 03:00:00,-1186.17426883217,0
2015-01-18 04:00:00,-1211.58616798794,0
2015-01-18 05:00:00,-1243.00457070632,0
2015-01-18 06:00:00,-1236.00005923755,0
2015-01-18 07:00:00,-1269.54311600777,0
2015-01-18 08:00:00,-1290.02019300282,0
2015-01-18 09:00:00,-1290.40110455648,0
2015-01-18 10:00:00,-1309.17205749914,0
2015-01-18 11:00:00,-1307.01667985189,0
2015-01-18 12:00:00,-1334.05793873114,0
2015-01-18 13:00:00,-1328.13111650803,0
2015-01-18 14:00:00,-1347.30494957424,0
2015-01-18 15:00:00,-1357.39773221496,0
2015-01-18 16:00:00,-1370.24580801611,0
2015-01-18 17:00:00,-1361.82128791605,0
2015-01-18 18:00:00,-1386.18207242543,0
2015-01-18 19:00:00,-1393.69138797464,0
2015-01-18 20:00:00,-1388.36861033496,0
2015-01-18 21:00:00,-1391.74244545215,0
2015-01-18 22:00:00,-1374.26854425734,0
2015-01-18 23:00:00,-1398.19735970039,0
2015-01-19 00:00:00,-1389.05795188593,0
2015-01-19 01:00:00,-1397.72290409446,0
2015-01-19 02:00:00,-1378.71223209287,0
2015-01-19 03:00:00,-1386.72645681027,0
2015-01-19 04:00:00,-1382.20760030048,0
2015-01-19 05:00:00,-1381.60782227139,0
2015-01-19 06:00:00,-1389.24194892908,0
2015-01-19 07:00:00,-1379.33724135533,0
2015-01-19 08:00:00,-1358.98702043836,0
2015-01-19 09:00:00,-1368.02188552397,0
2015-01-19 10:00:00,-1333.67950809817,0
2015-01-19 11:00:00,-1351.03578610549,0
2015-01-19 12:00:00,-1338.52149376312,0
2015-01-19 13:00:00,-1325.8118041113,0
2015-01-19 14:00:00,-1299.01651568577,0
2015-01-19 15:00:00,-1273.88546812843,0
2015-01-19 16:00:00,-1288.08928723062,0
2015-01-19 17:00:00,-1259.44952481209,0
2015-01-19 18:00:00,-1237.3767671754,0
2015-01-19 19:00:00,-1237.94980859706,0
2015-01-19 20:00:00,-1204.81302592477,0
2015-01-19 21:00:00,-1184.76067931325,0
2015-01-19 22:00:00,-1150.9384170171,0
2015-01-19 23:00:00,-1133.98205176079,0
2015-01-20 00:00:00,-1133.88031203462,0
2015-01-20 01:00:00,-1109.37645318277,0
2015-01-20 02:00:00,-1081.65845506202,0
2015-01-20 03:00:00,-1072.50716731002,0
2015-01-20 04:00:00,-1037.2087292562,0
2015-01-20 05:00:00,-989.866671630355,0
2015-01-20 06:00:00,-976.854161659842,0
2015-01-20 07:00:00,-937.049746911342,0
2015-01-20 08:00:00,-908.87902025012,0
2015-01-20 09:00:00,-897.648342279577,0
2015-01-20 10:00:00,-865.399485422565,0
2015-01-20 11:00:00,-809.798982692005,0
2015-01-20 12:00:00,-804.415399732907,0
2015-01-20 13:00:00,-767.440877954693,0
2015-01-20 14:00:00,-725.976994238883,0
2015-01-20 15:00:00,-708.131921192177,0
2015-01-20 16:00:00,-672.853379189642,0
2015-01-20 17:00:00,-655.350232762771,0
2015-01-20 18:00:00,-586.424049383701,0
2015-01-20 19:00:00,-583.303263122578,0
2015-01-20 20:00:00,-553.713387258987,0
2015-01-20 21:00:00,-512.563573135776,0
2015-01-20 22:00:00,-452.187197668923,0
2015-01-20 23:00:00,-455.878597715133,0
2015-01-21 00:00:00,-403.207221185161,0
2015-01-21 01:00:00,-378.740445062491,0
2015-01-21 02:00:00,-340.508521730428,0
2015-01-21 03:00:00,-292.651261286994,0
2015-01-21 04:00:00,-251.276306659805,0
2015-01-21 05:00:00,-201.528647234411,0
2015-01-21 06:00:00,-187.471968363874,0
2015-01-21 07:00:00,-141.419766498923,0
2015-01-21 08:00:00,-139.657834271323,0
2015-01-21 09:00:00,-70.5506518111927,0
2015-01-21 10:00:00,-16.8571475649267,0
2015-01-21 11:00:00,7.75765951650155,0
